Country,Literacy Rate,GDP (Current USD),,GDP Growth (% Annual),GDP per Capita (Current USD),,Unemployment Rate (%)
Afghanistan,43,,17233051620,2.710886791,415.7074171,,13.991
Albania,98.1,,23547179830,3.936625257,8575.171134,,10.108
Algeria,81.4,,2.47626E+11,4.1,5364.02795,,11.701
Andorra,100,,3785067332,2.58355481,46812.44845,,3.7
Angola,71.1,,84824654482,1.00128936,2308.159767,,14.537
Antigua and Barbuda,99,,2033085185,3.862012187,21787.10173,,7.7
Argentina,99,,6.46075E+11,-1.611001621,14187.48273,,6.139
Armenia,99.8,,24085749592,8.3,8053.010663,,13.245
Australia,99,,1.72806E+12,3.4419922,64820.91179,,3.668
Austria,98,,5.11685E+11,-0.954962367,56033.57379,,5.264
Azerbaijan,99.8,,72356176471,1.123974327,7125.908584,,5.636
The Bahamas,95.6,,14338500000,2.639055981,35896.50511,,8.643
Bahrain,95.7,,46079867021,2.980792767,29218.86056,,1.154
Bangladesh,75.9,,4.37415E+11,5.77511237,2551.017727,,4.454
Barbados,99.6,,6720733200,4.09382011,23804.02499,,7.878
Belarus,100,,71857382746,3.886242145,7829.053137,,3.461
Belgium,99,,6.44783E+11,1.251700632,54700.90932,,5.528
Belize,82.1,,3066850000,1.149016821,7459.998151,,8.267
Benin,42.4,,19676049076,6.352821609,1394.373302,,1.657
Bhutan,68.4,,2328700465,4.54621742,3115.119678,,3.126
Bolivia,92.5,,45135398009,3.081965241,3686.279965,,3.024
Bosnia and Herzegovina,98.5,,27514782476,2.211124472,8638.666202,,10.668
Botswana,88.5,,19396084498,2.73379817,7820.232404,,23.381
Brazil,93.2,,2.17367E+12,2.908480487,10294.86668,,7.947
Brunei,97.2,,15128292981,1.407068323,32962.90651,,5.183
Bulgaria,98,,1.02408E+11,1.886814839,15885.53913,,4.319
Burkina Faso,41.2,,20324617845,2.960181474,882.6898101,,5.348
Burundi,68.4,,2642161669,2.700000597,193.0071456,,1.9
Ivory Coast,89.9,,78875489245,6.2,2530.846593,,2.27
Cape Verde,87.6,,2533819406,5.475435916,4850.984158,,11.971
Cambodia,83.9,,42335646896,4.960066589,2429.748535,,0.225
Cameroon,77.1,,49279410983,3.248344978,1736.860911,,3.613
Canada,99,,2.14247E+12,1.248927304,53431.18571,,5.415
Central African Republic,37.4,,2555492085,0.870251451,495.9788972,,5.877
Chad,26.8,,13149325362,4.12231962,680.6398779,,1.074
Chile,97,,3.35533E+11,0.218780667,17067.81362,,9.013
China,97.2,,1.77948E+13,5.249557864,12614.06174,,4.67
Colombia,94.6,,3.63494E+11,0.610409566,6947.359287,,9.594
Comoros,58.8,,1352380971,2.995674572,1590.312377,,3.776
Republic of the Congo,80.3,,15321055823,1.906864263,2477.978455,,19.898
Costa Rica,97.9,,86497941439,5.111921832,16942.02681,,8.325
Croatia,99.3,,84393795502,3.302544881,21865.45628,,6.086
Cuba,99.8,,85971083684,-1.928992112,7638.245972,,1.719
Cyprus,99.1,,33886930712,2.611900909,36551.41797,,6.098
Czech Republic,99.8,,3.43208E+11,-0.085330276,31591.17707,,2.579
Democratic Republic of the Congo,77,,66383287003,8.560862509,627.5021817,,4.484
Denmark,99,,4.07092E+11,2.495184331,68453.87693,,5.094
Djibouti,70,,4098530514,6.676649644,3554.839189,,26.154
Dominica,94,,653992592.6,4.712238185,9832.996431,,9.4
Dominican Republic,93.8,,1.21444E+11,2.360615687,10717.62767,,5.555
Ecuador,94,,1.18845E+11,2.355217907,6609.804082,,3.51
Egypt,73,,3.96002E+11,3.758700552,3457.456916,,7.334
El Salvador,89.1,,34015620000,3.510977066,5391.069262,,2.992
Equatorial Guinea,95.3,,12337550584,-5.089308721,6677.793435,,8.367
Eritrea,76.6,,1827258537,5.436995225,614.1905858,,5.586
Estonia,99.8,,41291245222,-3.023035841,30133.30445,,6.378
Eswatini,88.4,,4442875788,5.014904713,3610.608797,,35.086
Ethiopia,51.8,,1.63698E+11,6.498134642,1272.016282,,3.402
Fiji,99.1,,5442046565,7.524290882,5888.736686,,4.322
Finland,99,,2.95532E+11,-1.163962815,52925.68976,,7.151
France,99,,3.05183E+12,0.936487503,44690.93454,,7.335
Gabon,84.7,,19388402542,2.445880831,7802.836596,,20.278
Georgia,99.6,,30777833585,7.832201215,8283.669602,,11.537
Germany,99,,4.5257E+12,-0.26643841,54343.22651,,3.068
Ghana,79,,76370396722,2.944785831,2260.287413,,3.063
Greece,97.9,,2.43498E+11,2.332123883,23400.72788,,11.066
Grenada,96,,1316733333,3.566128618,11246.34512,,13.2
Guatemala,83.3,,1.0445E+11,3.526792142,5762.821746,,2.344
Guinea,30.4,,22199409741,6.744934446,1541.040509,,5.244
Guinea-Bissau,47,,2048348108,5.199268297,951.2427483,,2.65
Guyana,88.5,,17159509565,33.80261709,20765.35036,,12.025
Haiti,61.7,,19850829758,-1.863884203,1705.779055,,14.556
Honduras,89,,34400509852,3.582603626,3231.657245,,6.07
Hungary,99.1,,2.12389E+11,-0.907685956,22141.86698,,4.107
Iceland,99,,31325116556,5.03717944,79636.95486,,3.518
India,77.7,,3.56755E+12,8.152936311,2480.792087,,4.172
Indonesia,96,,1.37117E+12,5.048105771,4876.314327,,3.308
Iran,89.5,,4.04626E+11,5.044890511,4465.63767,,9.041
Iraq,86.5,,2.50843E+11,-2.93555774,5565.126446,,15.447
Republic of Ireland,99,,5.51395E+11,-5.530007361,103887.8004,,4.288
Israel,97.1,,5.13611E+11,2.42300691,52642.42675,,3.596
Italy,99,,2.30094E+12,0.697632994,39003.3161,,7.627
Jamaica,88.7,,19423355409,2.200061472,6839.725039,,4.4
Japan,99,,4.20449E+12,1.679019523,33766.52683,,2.6
Jordan,98,,50967475352,2.678271538,4455.505405,,17.969
Kazakhstan,99.8,,2.62642E+11,5.1,12918.86613,,4.821
Kenya,82.6,,1.08039E+11,5.555873013,1952.304579,,5.567
Kiribati,91,,279208903.3,4.124590543,2106.760004,,30.6
Kuwait,96.6,,1.63705E+11,-3.640425903,33729.79855,,2.127
Kyrgyzstan,99.6,,13987627909,6.151391837,1970.15781,,3.991
Laos,87.5,,15843155731,3.745681402,2066.949798,,1.188
Latvia,99.9,,42247850065,1.70679525,22502.84299,,6.465
Lebanon,95.6,,42600880515,-1.321796056,7335.419343,,11.543
Lesotho,80.1,,2117962451,1.826625259,916.2829793,,16.457
Liberia,48.3,,4240000000,4.683756888,771.8871421,,2.933
Libya,91,,45096462972,10.15581818,6172.812469,,18.753
Liechtenstein,100,,6378026882,3,168647.5685,,2.4
Lithuania,99.8,,79789877416,0.342262552,27786.00578,,6.841
Luxembourg,100,,85755006124,-1.095723616,128678.1899,,5.184
Madagascar,74.8,,15790113247,3.8,506.1593687,,3.069
Malawi,65.8,,12712150082,1.892457988,602.3436198,,5.033
Malaysia,95.9,,3.99705E+11,3.555487154,11379.0861,,3.869
Maldives,98.6,,6590894302,4.72639189,12530.36024,,4.241
Mali,35.5,,20661794596,4.656775991,869.2702343,,2.956
Malta,94.5,,22328640242,7.498512459,40395.76921,,3.11
Marshall Islands,98.3,,259300000,-3.934871099,6678.342391,,36
Mauritania,52.1,,10651709411,6.507187199,2120.823204,,10.446
Mauritius,91.3,,14644524819,6.958287403,11613.04416,,5.571
Mexico,95.2,,1.78911E+12,3.199981166,13790.02434,,2.765
Federated States of Micronesia,89,,460000000,0.784313725,4084.169404,,16.2
Moldova,99.4,,16539436547,0.78324271,6729.412868,,1.555
Monaco,100,,9995350547,5.043382592,256580.5151,,2
Mongolia,99.2,,20325121394,7.422112762,5838.631081,,5.503
Montenegro,98.7,,7530593375,6.337697542,12221.47755,,14.621
Morocco,73.8,,1.44417E+11,3.403341301,3771.446289,,9.044
Mozambique,60.7,,20954220984,5.436859122,622.9856193,,3.519
Myanmar,89.1,,66757619000,0.958446625,1233.196662,,3.032
Namibia,92.6,,12351025067,4.159985755,4168.285211,,19.365
Nauru,96.5,,154170289.3,0.590699676,12982.76121,,23
Nepal,71,,40908073367,1.952544633,1377.626036,,10.628
Netherlands,99,,1.15436E+12,0.074560722,64572.00596,,3.537
New Zealand,99,,2.52176E+11,0.733302172,48280.81142,,3.729
Nicaragua,83.6,,17829218219,4.569223171,2612.870662,,4.716
Niger,35,,16819170421,2.5,642.9379179,,0.425
Nigeria,62,,3.63846E+11,2.860214991,1596.636961,,3.074
North Korea,100,,15000000000,-4.5,583,,2.7
North Macedonia,98.9,,15763621848,2.072749779,8624.293609,,13.174
Norway,99,,4.85311E+11,0.479647246,87925.09442,,3.572
Oman,95.7,,1.08811E+11,1.310440113,21549.83687,,3.176
Pakistan,58,,3.37912E+11,-0.039692523,1365.277432,,5.408
Palau,99.4,,281849062.5,1.877069798,15899.42249,,1.7
Palestinian National Authority,97.4,,17420800000,-5.410937,3372.349744,,24.4
Panama,95.4,,83318176900,7.399301556,18686.4051,,6.544
Papua New Guinea,63.4,,30729242919,3.035704755,2957.682625,,2.661
Paraguay,94.5,,42956263544,4.714124079,6276.351139,,5.794
Peru,94.5,,2.67603E+11,-0.550182306,7906.585029,,4.899
Philippines,96.3,,4.37146E+11,5.545851171,3804.87258,,2.222
Poland,99.8,,8.09201E+11,0.138832755,22056.66617,,2.743
Portugal,95.7,,2.89114E+11,2.526281108,27331.20949,,6.509
Qatar,97.8,,2.13003E+11,1.187159912,80195.87465,,0.13
Romania,98.9,,3.50776E+11,2.404271779,18404.27309,,5.589
Russia,99.7,,2.02142E+12,3.6,13817.0459,,3.076
Rwanda,73.2,,14097768472,8.241287695,1010.268929,,12.352
Saint Kitts and Nevis,97.8,,1055499778,2.284948091,22573.67248,,5.3
Saint Lucia,90.1,,2430148148,2.21007266,13554.66519,,11.092
Saint Vincent and the Grenadines,96,,1065962963,6.016109145,10520.44415,,18.574
Samoa,99,,938189443.8,8.584091218,4330.178405,,4.977
San Marino,99.9,,1659386536,0.098673283,49407.3105,,5.6
Saudi Arabia,97.6,,1.06758E+12,-0.754914811,32093.9623,,4.008
Senegal,52.1,,30848333084,4.584061405,1706.44218,,2.8
Serbia,98,,81342660752,3.847471128,12281.50585,,8.268
Seychelles,95.9,,2141450171,3.161714355,17879.23965,,3
Sierra Leone,43.2,,6411869546,5.710021898,757.858336,,3.153
Singapore,97.5,,5.01428E+11,1.075031751,84734.25592,,3.444
Slovakia,99.6,,1.32908E+11,1.378337272,24491.37719,,5.84
Slovenia,99.7,,69148468417,2.112591843,32610.11092,,3.652
Solomon Islands,76.6,,1633319401,3.079769815,2041.636491,,1.455
Somalia,37.8,,10968517090,4.216384326,597.4588546,,18.941
South Africa,87,,3.80699E+11,0.698485195,6022.542542,,32.098
South Korea,97.9,,1.71279E+12,1.356733243,33121.37129,,2.675
South Sudan,34.5,,14304556023,-6.586501287,1338.264387,,12.7
Spain,98.4,,1.62009E+12,2.675663493,33509.0128,,12.179
Sri Lanka,92.3,,84356863744,-2.298010562,3827.964956,,5.997
Sudan,60.7,,1.09266E+11,-20.11157597,2183.441406,,13.59330769
Suriname,95.4,,3455146281,2.539566754,5494.074094,,7.631
Sweden,99,,5.8496E+11,-0.310670185,55516.83648,,7.611
Switzerland,99,,8.8494E+11,0.716066869,99564.71003,,4.043
Syria,86.4,,27271005172,-4.747113546,1267.517923,,50
Tajikistan,99.8,,12060602009,8.299999217,1160.81187,,11.546
Tanzania,81.8,,79062403821,5.069523532,1224.489624,,2.582
Thailand,94.1,,5.14969E+11,1.887257251,7182.025258,,0.733
East Timor,68.1,,2079916900,-18.11781338,1502.519638,,1.521
Togo,66.5,,9171261838,6.407922156,985.6975126,,1.948
Tonga,99.4,,460034440.9,1.69710269,4334.28867,,2.262
Trinidad and Tobago,99,,27372285698,1.347675182,20016.1503,,4.21
Tunisia,81.8,,48529595417,0.039156567,3977.695166,,15.106
Turkmenistan,99.7,,60628857143,6.300157585,8232.65226,,4.099
Tuvalu,99,,62280311.59,3.852809195,6344.775019,,6
Uganda,76.5,,48768955863,5.336972955,1002.309139,,2.787
Ukraine,99.8,,1.78757E+11,5.324335374,5069.703125,,8.684333333
United Arab Emirates,97,,5.1413E+11,3.618706535,49040.69475,,2.151
United Kingdom,99,,3.38085E+12,0.339966158,49463.85546,,3.984
United States,99,,2.77207E+13,2.887556009,82769.41221,,3.638
Uruguay,98.6,,77240830877,0.367475176,22797.81117,,8.355
Uzbekistan,100,,1.01592E+11,6.291416351,2849.514611,,4.46
Vanuatu,89,,1126313359,2.212941771,3515.236336,,5.082
Venezuela,97.1,,3.88865E+11,1.152459729,13147.68084,,8
Vietnam,95.4,,4.29717E+11,5.046430736,4282.088517,,1.645
Yemen,54.1,,33876557984,-4.408198771,477.4090287,,17.091
Zambia,87.4,,27577956471,5.367942855,1330.727806,,5.905
Zimbabwe,89,,35231367886,5.336730495,2156.034004,,8.759
